id;usuario_id;empresa_id;field_height;end_time
a06b87a0-999f-40ac-995c-cf3daa890971;Open-source Azul best-of-breed;withdrawal Toallas;21338;2023-03-24T09:36:59
b19e43e3-e43f-440a-9f0d-d0e714a3a1e1;Diseñador;microchip;52639;2023-03-24T05:42:14
fbcdba6c-45c1-4a5a-b38a-1504de2b06c3;Credit;connecting intuitive;7235;2023-03-23T19:22:32
447b0330-80be-47cf-a243-993b55cecd79;Cambridgeshire Re-implementado;generating integrated;99059;2023-03-23T17:41:05
af148b22-ec0e-4002-b993-61d980268400;reboot Hungria transmit;XML;30951;2023-03-23T22:10:47
0f8aae0b-2999-4af4-b85e-9be2a5de5bfa;Colon;Violeta Marroquinería;28155;2023-03-23T16:54:10
8aca0910-bf2e-4fd6-8c54-515cc9779966;Enfocado navigating Ladrillo;circuit;25897;2023-03-23T18:11:01
eca945c5-2c6c-4a81-a493-ca5f1ece75b6;Avon Increible;Morado 1080p;94527;2023-03-24T05:16:02
2287a2b4-d575-4952-b3c4-248b1cc020da;Violeta;parse;21192;2023-03-24T07:27:19
159a5510-c6c3-42d4-8e81-b3fa2fa88ca8;Vía Granito;quantify Cataluña;29531;2023-03-23T21:14:17
