id;usuario_id;empresa_id;gender;date_of_bird;age;country;state;city;ethnicity;income;marital_status;education;end_time
22eb8cb3-c849-4fae-b62f-257c501f2574;Facilitador Relacciones navigating;Account Granito;Puente;2023-04-09;36000;Nueva Zelanda;withdrawal Canarias;Valencia Antonioton;Berkshire Ejecutivo e-services;Artesanal;Negro;card;2023-04-09T19:51:30
5ecdeb44-569f-4969-b5f1-d46adbc7d68f;Pizza;Navarra Alemania data-warehouse;Gorro enfoque Raton;2023-04-09;26742;Micronesia;backing Argentina grow;Césarfort;Fantástico;Tobago;bus Kroon;crítica Amarillo;2023-04-10T10:31:07
3966a326-5764-4ecd-966d-a8eea0e7725c;bypass Supervisor;engineer;Amarillo;2023-04-10;28524;Omán;niches virtual Relacciones;Palm Bay;Mascotas hard;withdrawal;Grupo Increible;innovative Morado;2023-04-09T15:33:39
cd3da81b-f2ac-4339-967b-50af672c504d;Home program;IB Web experiences;Patatas Deportes Account;2023-04-09;85927;Santo Tomé y Principe;Estratega;Montenegrofort;Checking previsión;Programa;Informática Ordenador;system Madera Integrado;2023-04-09T21:03:28
0b7a7c67-7ecc-4354-92bb-4ca3b6cca1ff;Consultor hack;valor Madera;Ingeniero;2023-04-10;88022;Haiti;fritas Ingeniería;Kokomo;unleash infomediaries Cambridgeshire;SQL;Buckinghamshire;Pequeño;2023-04-09T22:11:14
ffe6d897-e52f-4524-9109-df2f58a4c988;Zapatos transmit;card;Acero Increible;2023-04-09;69302;Groenlandia;transmit;Oliviaton;Exclusivo digital Bajada;reinvent;RSS Azul;24/7 granular;2023-04-10T07:42:17
bca25cac-8280-4a97-afd7-0da5794f5615;applications Canadian;Auto Hryvnia;payment;2023-04-09;35820;Guinea;el Joyería;Louisville/Jefferson County;bypass;Koruna crítica Borders;deposit innovate feed;hacking Account SQL;2023-04-09T17:39:38
e69e4fb4-c56c-466f-813d-6203a243fde5;calculating Violeta;invoice;SCSI;2023-04-09;13643;Liechtenstein;Aplicaciones online;Framingham;Guapa y;microchip;Georgia Práctico Berkshire;EXE Gris;2023-04-10T04:35:17
19e8db02-8afa-4d5e-b7e8-b6cda89bd418;Interno;Bosnia;Marketing Polarizado;2023-04-09;68133;Madagascar;extensible Ejecutivo;Carlafort;Productor Seguridada pixel;Checking;Morado;Ordenador;2023-04-10T12:31:04
83a1403e-0ea0-4947-80c6-461e101269d1;Extremadura online;Salud a multitarea;Guantes Ergonómico Verde;2023-04-09;11170;Nepal;Baleares Kwacha;Julialand;Refinado Rústico Bicicleta;Saudí;analista;Hong Producto Arroyo;2023-04-09T14:42:38
