id;usuario_id;empresa_id;field_weight;end_time
95323710-9183-431b-8eed-2e21b319be72;indexing;Aruban País;95527;2023-03-24T12:34:57
91c8adbc-5a36-46d3-9136-106ba56eedfa;Won 24/365;engineer Mascotas Ergonómico;26033;2023-03-23T18:37:49
c4f73ece-56a2-4899-b619-41f4da51c5b8;núcleo connect;experiences Algodón Account;26039;2023-03-24T13:45:18
3775403b-ec76-49e0-a570-761485225556;Buckinghamshire;Dominican;15850;2023-03-24T12:10:03
fed14379-17b0-4eeb-8dee-bff66f9a780c;Interno;ADP;49239;2023-03-23T16:27:44
97a3f3e3-3e86-44f6-8e80-9a14e6f3c028;política Ladrillo;copy Ergonómico Equilibrado;29741;2023-03-24T10:27:38
7acca1c9-8840-4e93-bedf-78ef7be364df;Sopa Manzana;parse generate;16354;2023-03-24T08:42:06
0046e0ba-e4c5-42f2-84f1-5b13c9eac6b9;Cantabria Bélgica transmitter;Asistente Pelota;13666;2023-03-24T00:40:31
c821378c-0956-47ea-88f2-959eb3c452c2;Consultor Account Supervisor;parse Intranet port;42706;2023-03-24T01:22:41
ce06171f-7a31-493c-9238-6754a720d83e;Morado;connect Acero Savings;4610;2023-03-23T19:08:59
